time,high,low,open,volumefrom,volumeto,close,conversionType,conversionSymbol
2023-01-01,0.3399,0.3352,0.3389,29979744.41,10111171.52,0.3387,direct,
2023-01-02,0.3548,0.312,0.3387,197084119.6,66450779.27,0.3483,direct,
2023-01-03,0.3519,0.3413,0.3483,196955382.26,67809517.83,0.3436,direct,
2023-01-04,0.3519,0.3385,0.3436,152000179.05,52760753.93,0.3476,direct,
2023-01-05,0.3484,0.3355,0.3476,108107392.54,37020428.0,0.3379,direct,
2023-01-06,0.3458,0.3313,0.3379,104278418.95,35156284.56,0.3445,direct,
2023-01-07,0.3457,0.3415,0.3445,17651628.34,6066625.49,0.3443,direct,
2023-01-08,0.3462,0.3383,0.3443,49750283.96,16941596.02,0.3447,direct,
2023-01-09,0.3572,0.3434,0.3447,237520405.15,83095392.2,0.3491,direct,
2023-01-10,0.3538,0.3433,0.3491,170001452.55,59290332.6,0.351,direct,
2023-01-11,0.3769,0.3476,0.351,191484759.29,69297899.56,0.3729,direct,
2023-01-12,0.38,0.3635,0.3729,113780748.63,42330846.11,0.3747,direct,
2023-01-13,0.3868,0.3689,0.3747,87559117.5,32896885.32,0.3861,direct,
2023-01-14,0.4085,0.3827,0.3861,97682525.67,38600557.51,0.3953,direct,
2023-01-15,0.3968,0.38,0.3953,39332951.5,15189156.72,0.3847,direct,
2023-01-16,0.4054,0.3785,0.3847,202173822.9,78624611.86,0.3861,direct,
2023-01-17,0.3983,0.3791,0.3861,129398701.35,49847675.1,0.3869,direct,
2023-01-18,0.3953,0.3686,0.3869,153063097.31,58735599.02,0.3788,direct,
2023-01-19,0.3956,0.3765,0.3788,95777812.73,36908710.19,0.3931,direct,
2023-01-20,0.4134,0.3859,0.3931,94422339.81,37252440.97,0.413,direct,
2023-01-21,0.4161,0.3986,0.413,39156806.34,16009712.21,0.4033,direct,
2023-01-22,0.4117,0.3968,0.4033,32913018.79,13269597.94,0.4007,direct,
2023-01-23,0.4326,0.3999,0.4007,171564561.52,72025464.3,0.4238,direct,
2023-01-24,0.4308,0.4039,0.4238,103839091.96,43675003.39,0.4077,direct,
2023-01-25,0.4239,0.3976,0.4077,97638131.75,39618546.65,0.4171,direct,
2023-01-26,0.4176,0.4055,0.4171,72319586.72,29772289.56,0.4093,direct,
2023-01-27,0.4132,0.3991,0.4093,50950794.61,20710257.43,0.4127,direct,
2023-01-28,0.4162,0.406,0.4127,16553168.04,6789993.69,0.408,direct,
2023-01-29,0.4171,0.4068,0.408,23584502.49,9712680.68,0.4133,direct,
2023-01-30,0.4215,0.3894,0.4133,164789215.58,66642308.21,0.3933,direct,
2023-01-31,0.4109,0.388,0.3933,148388978.39,58643301.84,0.4058,direct,
2023-02-01,0.4154,0.3967,0.4058,84952948.43,34246828.53,0.4137,direct,
2023-02-02,0.4185,0.4089,0.4137,90569763.94,37408868.48,0.4097,direct,
2023-02-03,0.4134,0.4059,0.4097,67158627.5,27504484.51,0.4118,direct,
2023-02-04,0.4201,0.4077,0.4118,22953887.94,9465437.51,0.4106,direct,
2023-02-05,0.4119,0.3952,0.4106,40969424.69,16534435.17,0.3984,direct,
2023-02-06,0.4036,0.3911,0.3984,147914304.18,58856438.09,0.3921,direct,
2023-02-07,0.4048,0.39,0.3921,99406460.29,39195881.05,0.4038,direct,
2023-02-08,0.4059,0.3938,0.4038,73085758.63,29230291.48,0.3977,direct,
2023-02-09,0.4082,0.3732,0.3977,106898490.87,42081165.22,0.3818,direct,
2023-02-10,0.3877,0.3777,0.3818,55668387.24,21323104.52,0.3822,direct,
2023-02-11,0.3876,0.38,0.3822,13621277.6,5205124.39,0.3837,direct,
2023-02-12,0.3848,0.3731,0.3837,26926861.3,10200114.59,0.3746,direct,
2023-02-13,0.3781,0.3624,0.3746,282566068.12,104361181.79,0.3707,direct,
2023-02-14,0.3839,0.3649,0.3707,202967360.45,75084172.44,0.3823,direct,
2023-02-15,0.402,0.3765,0.3823,94023765.04,36183877.2,0.4011,direct,
2023-02-16,0.4043,0.3844,0.4011,80177634.56,31940493.03,0.3848,direct,
2023-02-17,0.3998,0.3813,0.3848,72306749.61,28176346.72,0.3951,direct,
2023-02-18,0.3974,0.3915,0.3951,20806161.7,8204947.43,0.3944,direct,
2023-02-19,0.3977,0.3851,0.3944,30211951.6,11793075.71,0.3863,direct,
2023-02-20,0.4084,0.3786,0.3863,204832635.85,80650079.14,0.3983,direct,
2023-02-21,0.4021,0.3876,0.3983,139288035.03,54792287.55,0.3921,direct,
2023-02-22,0.3972,0.3831,0.3921,84872229.54,33048142.85,0.3952,direct,
2023-02-23,0.3976,0.3859,0.3952,98179559.43,38477438.95,0.3886,direct,
2023-02-24,0.3908,0.3728,0.3886,86762786.37,33207841.56,0.3785,direct,
2023-02-25,0.4022,0.3701,0.3785,25672983.93,9714990.11,0.378,direct,
2023-02-26,0.3979,0.3749,0.378,29526613.65,11175813.26,0.3933,direct,
2023-02-27,0.4512,0.3705,0.3933,222434260.86,84114838.99,0.4018,direct,
2023-02-28,0.4227,0.3715,0.4018,164490267.64,61923178.44,0.3766,direct,
2023-03-01,0.3843,0.3725,0.3766,123323709.4,46582087.15,0.3837,direct,
2023-03-02,0.3844,0.3737,0.3837,111374827.79,42066981.55,0.3773,direct,
2023-03-03,0.3803,0.3559,0.3773,115095267.16,42115243.01,0.3773,direct,
2023-03-04,0.3797,0.3686,0.3773,25730999.34,9641378.12,0.3736,direct,
2023-03-05,0.3772,0.3658,0.3736,37622969.3,13969987.15,0.3668,direct,
2023-03-06,0.3738,0.3596,0.3668,244591412.17,89088407.87,0.3697,direct,
2023-03-07,0.3843,0.3668,0.3697,202619470.48,75542915.06,0.3802,direct,
2023-03-08,0.4006,0.3725,0.3802,162070337.92,62552403.65,0.3886,direct,
2023-03-09,0.397,0.3645,0.3886,154099366.86,59387695.86,0.371,direct,
2023-03-10,0.375,0.358,0.371,134829070.28,49546111.21,0.3711,direct,
2023-03-11,0.3772,0.3614,0.3711,131969957.4,48525375.19,0.3669,direct,
2023-03-12,0.3734,0.3518,0.3669,100946949.83,36674738.12,0.3733,direct,
2023-03-13,0.3801,0.3563,0.3733,294086868.41,107850584.72,0.3733,direct,
2023-03-14,0.3876,0.3663,0.3733,115291805.6,43192245.63,0.3734,direct,
2023-03-15,0.3771,0.3573,0.3734,77085543.75,28215119.34,0.3601,direct,
2023-03-16,0.3675,0.3577,0.3601,44594728.39,16194606.44,0.3655,direct,
2023-03-17,0.3826,0.3631,0.3655,69164825.23,25817004.12,0.3805,direct,
2023-03-18,0.3899,0.3706,0.3805,40298413.53,15347281.85,0.3746,direct,
2023-03-19,0.4008,0.3746,0.3746,46259846.36,18048770.29,0.3867,direct,
2023-03-20,0.392,0.3731,0.3867,96335993.37,36666338.42,0.3745,direct,
2023-03-21,0.4932,0.3741,0.3745,198002674.42,85796542.26,0.4698,direct,
2023-03-22,0.4757,0.4111,0.4698,149563057.26,66570159.4,0.4219,direct,
2023-03-23,0.4554,0.413,0.4219,106752858.43,47043418.13,0.4449,direct,
2023-03-24,0.445,0.4155,0.4449,98322883.0,42134377.14,0.4262,direct,
2023-03-25,0.4647,0.4234,0.4262,71941169.68,32278437.59,0.4436,direct,
2023-03-26,0.4636,0.4416,0.4436,46708975.45,21122441.23,0.4484,direct,
2023-03-27,0.4884,0.4427,0.4484,135091716.98,62898953.02,0.4798,direct,
2023-03-28,0.533,0.4674,0.4798,184858516.19,92307247.84,0.5144,direct,
2023-03-29,0.5831,0.5144,0.5144,184540224.14,101089516.6,0.5427,direct,
2023-03-30,0.5563,0.5239,0.5427,107207573.21,57521058.52,0.5324,direct,
2023-03-31,0.5482,0.527,0.5324,73019117.91,39072919.92,0.5376,direct,
2023-04-01,0.5376,0.4988,0.5376,43790084.87,22457629.87,0.5097,direct,
2023-04-02,0.5291,0.5023,0.5097,29992545.48,15543843.11,0.5184,direct,
2023-04-03,0.524,0.4853,0.5184,83863683.41,42547142.84,0.4965,direct,
2023-04-04,0.5072,0.4872,0.4965,82481639.93,40997677.73,0.5029,direct,
2023-04-05,0.5264,0.499,0.5029,77992913.97,39739240.39,0.506,direct,
2023-04-06,0.5093,0.4927,0.506,55091464.3,27584872.35,0.5027,direct,
2023-04-07,0.5144,0.498,0.5027,40762196.38,20696957.8,0.5132,direct,
2023-04-08,0.5132,0.503,0.5132,17695259.85,9009054.28,0.5053,direct,
2023-04-09,0.5092,0.4994,0.5053,16124244.61,8124644.21,0.5054,direct,
2023-04-10,0.5196,0.4975,0.5054,50334720.39,25457589.85,0.5175,direct,
2023-04-11,0.5264,0.51,0.5175,70018284.13,36233063.71,0.5168,direct,
2023-04-12,0.5177,0.5,0.5168,57300712.32,28963515.31,0.505,direct,
2023-04-13,0.5151,0.5001,0.505,46558120.05,23590830.16,0.5128,direct,
2023-04-14,0.5455,0.5117,0.5128,73625872.76,38748780.38,0.5231,direct,
2023-04-15,0.5261,0.5172,0.5231,15698644.79,8177705.27,0.5199,direct,
2023-04-16,0.5244,0.516,0.5199,18038543.0,9387205.33,0.521,direct,
2023-04-17,0.5213,0.507,0.521,50664604.42,25952434.72,0.5109,direct,
2023-04-18,0.5373,0.5092,0.5109,53485421.63,27682379.69,0.5319,direct,
2023-04-19,0.5358,0.4803,0.5319,115796775.94,58400783.32,0.4916,direct,
2023-04-20,0.499,0.4657,0.4916,83135308.55,40295256.65,0.4749,direct,
2023-04-21,0.479,0.4405,0.4749,73532586.79,33958232.81,0.4492,direct,
2023-04-22,0.4751,0.4458,0.4492,36500291.77,16907490.37,0.4722,direct,
2023-04-23,0.4722,0.4538,0.4722,29664686.62,13765563.4,0.4649,direct,
2023-04-24,0.485,0.4482,0.4649,72534611.61,33769257.02,0.4607,direct,
2023-04-25,0.4713,0.4507,0.4607,63355009.99,29039729.79,0.4695,direct,
2023-04-26,0.4825,0.4369,0.4695,86611948.77,40284957.47,0.4619,direct,
2023-04-27,0.5441,0.4563,0.4619,62698084.81,29008297.42,0.4836,direct,
2023-04-28,0.5269,0.4641,0.4836,57168360.75,27170010.52,0.5245,direct,
2023-04-29,0.5316,0.4727,0.5245,15783308.15,7676819.43,0.4782,direct,
2023-04-30,0.509,0.4697,0.4782,19012566.48,9125494.61,0.4705,direct,
2023-05-01,0.5393,0.4557,0.4705,57743391.82,26867550.67,0.5182,direct,
2023-05-02,0.5475,0.4579,0.5182,62910760.0,29226416.13,0.4647,direct,
2023-05-03,0.4654,0.4504,0.4647,65142040.36,29814995.34,0.4632,direct,
2023-05-04,0.4648,0.455,0.4632,56869420.98,26137319.01,0.461,direct,
2023-05-05,0.4703,0.4563,0.461,44267916.98,20494841.29,0.4675,direct,
2023-05-06,0.4692,0.4529,0.4675,17414886.04,8008490.09,0.4594,direct,
2023-05-07,0.4606,0.4476,0.4594,19483945.42,8866103.63,0.4489,direct,
2023-05-08,0.4515,0.4123,0.4489,102862164.76,44696985.58,0.4286,direct,
2023-05-09,0.4305,0.4207,0.4286,78992372.16,33531965.94,0.4289,direct,
2023-05-10,0.434,0.4137,0.4289,86067069.51,36782889.67,0.4305,direct,
2023-05-11,0.4306,0.412,0.4305,88717628.76,37437858.72,0.4212,direct,
2023-05-12,0.4427,0.4163,0.4212,84988157.47,36256389.52,0.4305,direct,
2023-05-13,0.4306,0.4233,0.4305,11550727.78,4920965.42,0.4243,direct,
2023-05-14,0.4318,0.4219,0.4243,13622131.21,5808191.9,0.4253,direct,
2023-05-15,0.4299,0.4215,0.4253,90078748.35,38365866.46,0.4273,direct,
2023-05-16,0.4425,0.4189,0.4273,87826103.59,37318271.72,0.4424,direct,
2023-05-17,0.461,0.4378,0.4424,105010997.06,46943793.81,0.4483,direct,
2023-05-18,0.4721,0.4431,0.4483,90714811.68,41491101.49,0.4595,direct,
2023-05-19,0.4752,0.4576,0.4595,67758328.68,31554972.48,0.4677,direct,
2023-05-20,0.4717,0.4622,0.4677,10899431.18,5085626.14,0.4687,direct,
2023-05-21,0.4706,0.4556,0.4687,14491832.88,6698154.33,0.4573,direct,
2023-05-22,0.4666,0.4501,0.4573,83434676.51,38275210.55,0.4615,direct,
2023-05-23,0.4671,0.4588,0.4615,61900511.93,28582121.5,0.4653,direct,
2023-05-24,0.4653,0.446,0.4653,70979328.63,32219259.82,0.4533,direct,
2023-05-25,0.4545,0.4434,0.4533,60700346.67,27309402.56,0.4537,direct,
2023-05-26,0.4699,0.4526,0.4537,60063587.46,27858627.98,0.4686,direct,
2023-05-27,0.479,0.466,0.4686,20118082.67,9491780.3,0.4719,direct,
2023-05-28,0.486,0.4703,0.4719,21358023.9,10179551.4,0.4824,direct,
2023-05-29,0.495,0.4764,0.4824,64765280.29,31257389.28,0.4947,direct,
2023-05-30,0.5282,0.4892,0.4947,120480069.12,61168007.91,0.5213,direct,
2023-05-31,0.5275,0.5009,0.5213,89423535.76,45757062.48,0.5171,direct,
2023-06-01,0.5171,0.5018,0.5171,75655772.33,38290881.03,0.5065,direct,
2023-06-02,0.5271,0.5042,0.5065,63357571.12,32772165.93,0.5251,direct,
2023-06-03,0.5325,0.5148,0.5251,22189899.15,11595181.39,0.5189,direct,
2023-06-04,0.5461,0.5155,0.5189,38888140.02,20758910.63,0.5358,direct,
2023-06-05,0.5424,0.4881,0.5358,124337576.81,64521988.22,0.5095,direct,
2023-06-06,0.5322,0.4963,0.5095,95874200.55,48974194.6,0.5301,direct,
2023-06-07,0.5379,0.5072,0.5301,95532013.97,50054008.38,0.5186,direct,
2023-06-08,0.5275,0.516,0.5186,64446069.98,33559719.8,0.5239,direct,
2023-06-09,0.5409,0.5206,0.5239,65736282.13,34920684.3,0.538,direct,
2023-06-10,0.5384,0.476,0.538,73207640.44,36591601.28,0.5075,direct,
2023-06-11,0.529,0.5033,0.5075,23529947.2,12120111.99,0.521,direct,
2023-06-12,0.5276,0.5093,0.521,84438978.93,43731271.44,0.5253,direct,
2023-06-13,0.5646,0.5058,0.5253,138294557.96,73432637.71,0.5193,direct,
2023-06-14,0.52,0.4618,0.5193,94117062.09,47101692.92,0.4801,direct,
2023-06-15,0.4851,0.4669,0.4801,69598653.13,33140833.08,0.4798,direct,
2023-06-16,0.4826,0.4563,0.4798,62329964.42,29147373.65,0.4755,direct,
2023-06-17,0.4863,0.4696,0.4755,16246874.81,7775142.31,0.4795,direct,
2023-06-18,0.4974,0.475,0.4795,26111371.95,12745760.39,0.487,direct,
2023-06-19,0.4978,0.4819,0.487,43221323.85,21126223.18,0.4928,direct,
2023-06-20,0.4956,0.4723,0.4928,62190881.99,30118264.64,0.4928,direct,
2023-06-21,0.503,0.4897,0.4928,75132813.76,37271122.23,0.4999,direct,
2023-06-22,0.5262,0.4857,0.4999,68747594.56,34432852.62,0.494,direct,
2023-06-23,0.5023,0.4846,0.494,51440840.45,25370601.55,0.4963,direct,
2023-06-24,0.4963,0.4801,0.4963,13936565.82,6812990.96,0.4871,direct,
2023-06-25,0.497,0.4835,0.4871,15958625.17,7821216.0,0.4904,direct,
2023-06-26,0.4916,0.4714,0.4904,73599505.26,35415295.26,0.4791,direct,
2023-06-27,0.4846,0.4764,0.4791,62289996.71,29894084.12,0.4834,direct,
2023-06-28,0.484,0.4519,0.4834,66385198.05,31283863.19,0.465,direct,
2023-06-29,0.4769,0.4618,0.465,52053134.42,24396978.07,0.4744,direct,
2023-06-30,0.4821,0.451,0.4744,76290309.26,35867946.74,0.4732,direct,
2023-07-01,0.4754,0.4647,0.4732,12908436.49,6074315.65,0.4734,direct,
2023-07-02,0.4957,0.47,0.4734,28018284.39,13573144.28,0.4842,direct,
2023-07-03,0.4911,0.4738,0.4842,88131377.33,42489207.65,0.4898,direct,
2023-07-04,0.4932,0.482,0.4898,40393668.78,19668814.01,0.487,direct,
2023-07-05,0.4916,0.4696,0.487,53512744.12,25566236.47,0.4781,direct,
2023-07-06,0.484,0.4613,0.4781,67436604.21,31812157.41,0.4621,direct,
2023-07-07,0.4706,0.4584,0.4621,56416112.25,26283107.24,0.4687,direct,
2023-07-08,0.4747,0.4657,0.4687,7477817.81,3507861.66,0.4706,direct,
2023-07-09,0.4717,0.4669,0.4706,10671927.33,5005930.49,0.4682,direct,
2023-07-10,0.4799,0.4631,0.4682,86795241.43,40747992.09,0.4774,direct,
2023-07-11,0.4784,0.4709,0.4774,56671873.44,26857395.2,0.4755,direct,
2023-07-12,0.4771,0.4651,0.4755,55900907.94,26362041.59,0.4711,direct,
2023-07-13,0.9343,0.4694,0.4711,373603937.17,261644413.65,0.8159,direct,
2023-07-14,0.8249,0.6689,0.8159,214985626.16,160942460.27,0.719,direct,
2023-07-15,0.7349,0.6934,0.719,124729834.34,89443610.13,0.7147,direct,
2023-07-16,0.7899,0.7039,0.7147,121251282.89,90857041.57,0.7477,direct,
2023-07-17,0.7645,0.7134,0.7477,118272474.44,87542014.46,0.7377,direct,
2023-07-18,0.7836,0.7325,0.7377,112825960.15,84967596.71,0.779,direct,
2023-07-19,0.8517,0.7721,0.779,149137455.63,120339245.24,0.8197,direct,
2023-07-20,0.8499,0.7722,0.8197,92491957.22,74956849.43,0.7941,direct,
2023-07-21,0.7987,0.7604,0.7941,60298726.23,46940884.3,0.7717,direct,
2023-07-22,0.7798,0.7221,0.7717,49409717.76,37572107.0,0.7333,direct,
2023-07-23,0.7516,0.7158,0.7333,36255334.21,26767184.81,0.7384,direct,
2023-07-24,0.7425,0.6819,0.7384,87572530.9,61983862.43,0.7023,direct,
2023-07-25,0.7149,0.6754,0.7023,59264473.05,41285333.54,0.7087,direct,
2023-07-26,0.7314,0.6945,0.7087,49988528.57,35445133.93,0.7157,direct,
2023-07-27,0.7312,0.7076,0.7157,46027483.64,32951902.57,0.7137,direct,
2023-07-28,0.7181,0.7022,0.7137,36640255.47,26076576.27,0.7122,direct,
2023-07-29,0.7151,0.7046,0.7122,19954437.14,14173382.45,0.7122,direct,
2023-07-30,0.7345,0.6842,0.7122,30425813.6,21626962.96,0.7047,direct,
2023-07-31,0.719,0.6878,0.7047,53945534.36,37905388.59,0.6974,direct,
2023-08-01,0.7077,0.6737,0.6974,42659291.92,29516716.39,0.7068,direct,
2023-08-02,0.7076,0.6768,0.7068,34243355.7,23665202.16,0.6848,direct,
2023-08-03,0.6869,0.6551,0.6848,54160680.04,36333142.53,0.6628,direct,
2023-08-04,0.667,0.6274,0.6628,45793110.51,29827612.17,0.635,direct,
2023-08-05,0.6351,0.6106,0.635,33276609.4,20733357.96,0.6284,direct,
2023-08-06,0.6379,0.6192,0.6284,24846913.78,15598077.61,0.6232,direct,
2023-08-07,0.6282,0.6001,0.6232,53033855.19,32675037.27,0.6226,direct,
2023-08-08,0.6478,0.6138,0.6226,51698236.02,32460809.96,0.6418,direct,
2023-08-09,0.665,0.632,0.6418,62594293.27,40534767.72,0.643,direct,
2023-08-10,0.6439,0.6241,0.643,46964462.59,29716394.26,0.6325,direct,
2023-08-11,0.6399,0.6255,0.6325,27386678.72,17300876.85,0.6313,direct,
2023-08-12,0.6326,0.6239,0.6313,12953206.31,8145749.67,0.6272,direct,
2023-08-13,0.6378,0.6235,0.6272,20486862.8,12909056.3,0.6257,direct,
2023-08-14,0.6355,0.6238,0.6257,30586736.9,19208097.22,0.634,direct,
2023-08-15,0.634,0.5852,0.634,45659810.54,28018941.13,0.6098,direct,
2023-08-16,0.6161,0.5748,0.6098,60422739.31,35959730.21,0.5884,direct,
2023-08-17,0.5941,0.4309,0.5884,124341485.35,66404347.89,0.5068,direct,
2023-08-18,0.5208,0.4838,0.5068,88182324.66,44293616.03,0.506,direct,
2023-08-19,0.5241,0.5009,0.506,28683522.9,14708911.25,0.5198,direct,
2023-08-20,0.5564,0.5161,0.5198,33471499.25,17960630.24,0.5388,direct,
2023-08-21,0.5393,0.5072,0.5388,49026038.37,25679155.77,0.5246,direct,
2023-08-22,0.5252,0.5037,0.5246,42915522.88,22119313.99,0.5204,direct,
2023-08-23,0.5356,0.516,0.5204,32600588.79,17074393.45,0.5298,direct,
2023-08-24,0.5314,0.512,0.5298,31714406.28,16550306.14,0.5183,direct,
2023-08-25,0.5314,0.5078,0.5183,32085362.03,16601148.65,0.5257,direct,
2023-08-26,0.5275,0.518,0.5257,10688731.24,5594657.37,0.5232,direct,
2023-08-27,0.5299,0.5161,0.5232,15088573.88,7925195.44,0.5238,direct,
2023-08-28,0.5241,0.5114,0.5238,30736144.2,15924720.02,0.523,direct,
2023-08-29,0.5473,0.5126,0.523,44796758.56,23785337.13,0.5398,direct,
2023-08-30,0.5402,0.5221,0.5398,35260987.01,18699360.74,0.5283,direct,
2023-08-31,0.5283,0.5018,0.5283,42671838.89,22021029.43,0.5109,direct,
2023-09-01,0.5116,0.4871,0.5109,36750078.34,18400953.23,0.4981,direct,
2023-09-02,0.5024,0.4945,0.4981,11696139.35,5818865.75,0.4989,direct,
2023-09-03,0.5101,0.4974,0.4989,16828320.74,8478189.18,0.5047,direct,
2023-09-04,0.5125,0.4974,0.5047,20607458.32,10411639.65,0.5082,direct,
2023-09-05,0.5083,0.4994,0.5082,24638369.0,12402218.43,0.505,direct,
2023-09-06,0.5051,0.4924,0.505,25733033.02,12875968.72,0.5032,direct,
2023-09-07,0.5063,0.496,0.5032,31709884.99,15877594.69,0.5051,direct,
2023-09-08,0.5073,0.4949,0.5051,22464755.94,11276253.21,0.5049,direct,
2023-09-09,0.5049,0.5014,0.5049,6626021.68,3334044.06,0.5037,direct,
2023-09-10,0.5037,0.4933,0.5037,17792416.95,8857321.76,0.4969,direct,
2023-09-11,0.4978,0.4615,0.4969,56893574.65,27262757.27,0.4742,direct,
2023-09-12,0.4854,0.4699,0.4742,39945279.01,19041833.78,0.4801,direct,
2023-09-13,0.4889,0.4739,0.4801,33098891.53,15886460.49,0.4832,direct,
2023-09-14,0.4932,0.4799,0.4832,47271400.51,22968642.58,0.4889,direct,
2023-09-15,0.5073,0.4879,0.4889,34222388.79,16987210.36,0.5005,direct,
2023-09-16,0.5034,0.4975,0.5005,9309720.83,4660812.18,0.4997,direct,
2023-09-17,0.5003,0.4902,0.4997,11066342.15,5482148.57,0.4927,direct,
2023-09-18,0.5065,0.488,0.4927,38706609.09,19239042.37,0.503,direct,
2023-09-19,0.516,0.5008,0.503,34090234.09,17386095.78,0.514,direct,
2023-09-20,0.525,0.5074,0.514,106281111.46,54952888.09,0.5213,direct,
2023-09-21,0.5215,0.5004,0.5213,85756614.55,43675990.98,0.5071,direct,
2023-09-22,0.5167,0.504,0.5071,65676876.12,33562695.33,0.5122,direct,
2023-09-23,0.5135,0.5057,0.5122,27217975.78,13898125.13,0.5077,direct,
2023-09-24,0.5115,0.4993,0.5077,35917527.53,18208118.5,0.5021,direct,
2023-09-25,0.5067,0.4914,0.5021,100777740.53,50293725.74,0.5054,direct,
2023-09-26,0.507,0.4969,0.5054,75905521.46,38096583.3,0.5017,direct,
2023-09-27,0.5067,0.4965,0.5017,100529416.48,50377388.52,0.4988,direct,
2023-09-28,0.5098,0.4947,0.4988,114938953.17,57583085.51,0.5097,direct,
2023-09-29,0.5487,0.5061,0.5097,178405599.5,94234609.62,0.5215,direct,
2023-09-30,0.5216,0.5138,0.5215,41710551.72,21553774.68,0.515,direct,
2023-10-01,0.5258,0.5139,0.515,35919216.94,18659671.03,0.524,direct,
2023-10-02,0.5256,0.5084,0.524,87330707.12,45350366.06,0.5123,direct,
2023-10-03,0.5481,0.5061,0.5123,112131014.37,58716656.41,0.5391,direct,
2023-10-04,0.5422,0.52,0.5391,174162729.93,92667589.43,0.5328,direct,
2023-10-05,0.5328,0.5166,0.5328,92804877.82,48673241.76,0.523,direct,
2023-10-06,0.5294,0.5172,0.523,58406084.0,30538509.65,0.5258,direct,
2023-10-07,0.5259,0.5202,0.5258,20905159.41,10929149.55,0.522,direct,
2023-10-08,0.5237,0.5158,0.522,21748700.66,11304245.96,0.5178,direct,
2023-10-09,0.5202,0.4904,0.5178,77688189.59,39208115.3,0.5029,direct,
2023-10-10,0.5029,0.492,0.5029,63851250.51,31783327.86,0.4964,direct,
2023-10-11,0.4976,0.4792,0.4964,98678188.86,48098141.9,0.4888,direct,
2023-10-12,0.4888,0.4743,0.4888,97072663.78,46660276.72,0.4829,direct,
2023-10-13,0.4903,0.4785,0.4829,60010419.83,28986053.1,0.4851,direct,
2023-10-14,0.4883,0.4834,0.4851,19908791.82,9667063.17,0.4867,direct,
2023-10-15,0.49,0.4853,0.4867,24913732.8,12147629.81,0.4874,direct,
2023-10-16,0.5102,0.4855,0.4874,110986991.78,54804425.03,0.4978,direct,
2023-10-17,0.4981,0.4847,0.4978,60905282.82,29935625.87,0.4913,direct,
2023-10-18,0.4924,0.4866,0.4913,63102153.93,30883677.2,0.488,direct,
2023-10-19,0.5246,0.4775,0.488,125283637.62,62203284.25,0.5201,direct,
2023-10-20,0.5307,0.5088,0.5201,133192031.41,69096694.67,0.5151,direct,
2023-10-21,0.532,0.5113,0.5151,47438075.08,24704608.65,0.5211,direct,
2023-10-22,0.5241,0.5124,0.5211,39320608.97,20425415.1,0.5227,direct,
2023-10-23,0.5528,0.5203,0.5227,152653790.93,81473691.0,0.5477,direct,
2023-10-24,0.5863,0.536,0.5477,240317502.57,133946452.48,0.559,direct,
2023-10-25,0.5638,0.5406,0.559,121581127.54,67354560.53,0.5555,direct,
2023-10-26,0.5692,0.5432,0.5555,111362571.96,61694202.67,0.5535,direct,
2023-10-27,0.5584,0.535,0.5535,74961958.51,41111203.78,0.5432,direct,
2023-10-28,0.5504,0.5407,0.5432,27676055.2,15100767.91,0.5449,direct,
2023-10-29,0.5614,0.5408,0.5449,36130359.9,19995434.89,0.5561,direct,
2023-10-30,0.5837,0.5498,0.5561,116841629.43,66491192.88,0.5786,direct,
2023-10-31,0.6185,0.5634,0.5786,147703390.45,87582488.85,0.5999,direct,
2023-11-01,0.6166,0.5805,0.5999,137909684.63,82920623.74,0.6091,direct,
2023-11-02,0.6258,0.5878,0.6091,134018155.47,81640880.44,0.6054,direct,
2023-11-03,0.6153,0.5917,0.6054,90073704.77,54449876.07,0.6125,direct,
2023-11-04,0.6181,0.6092,0.6125,43834050.72,26879593.57,0.6155,direct,
2023-11-05,0.6632,0.6146,0.6155,127802848.89,82032495.29,0.6613,direct,
2023-11-06,0.7325,0.6592,0.6613,251924654.61,176521872.99,0.715,direct,
2023-11-07,0.7154,0.6514,0.715,236702966.79,161773200.7,0.6855,direct,
2023-11-08,0.6978,0.6729,0.6855,144277009.7,99089177.83,0.6874,direct,
2023-11-09,0.7061,0.6306,0.6874,272791059.78,185163182.01,0.6668,direct,
2023-11-10,0.6709,0.6371,0.6668,155656691.08,102336102.98,0.6597,direct,
2023-11-11,0.6871,0.6408,0.6597,129969464.56,86441233.34,0.6627,direct,
2023-11-12,0.6709,0.6464,0.6627,68811915.51,45594220.22,0.6616,direct,
2023-11-13,0.7473,0.6403,0.6616,279864865.39,190508981.63,0.6704,direct,
2023-11-14,0.6721,0.5976,0.6704,204181196.78,131158266.97,0.6294,direct,
2023-11-15,0.6506,0.6171,0.6294,151384692.16,96328822.7,0.6485,direct,
2023-11-16,0.6525,0.6037,0.6485,168980814.52,106496890.24,0.612,direct,
2023-11-17,0.6243,0.5862,0.612,122328518.61,74352120.43,0.6135,direct,
2023-11-18,0.6147,0.5902,0.6135,61887826.86,37478703.04,0.611,direct,
2023-11-19,0.6288,0.6018,0.611,69309295.23,42766151.03,0.6261,direct,
2023-11-20,0.6284,0.6074,0.6261,100220736.62,62147973.4,0.6125,direct,
2023-11-21,0.6179,0.5746,0.6125,153843347.26,92709349.53,0.579,direct,
2023-11-22,0.6164,0.5781,0.579,105151819.64,62830635.97,0.6112,direct,
2023-11-23,0.624,0.6062,0.6112,83732754.65,51504952.85,0.6206,direct,
2023-11-24,0.6255,0.6158,0.6206,77384493.35,48059346.81,0.6217,direct,
2023-11-25,0.6237,0.6163,0.6217,34630498.6,21488366.85,0.6231,direct,
2023-11-26,0.6376,0.6077,0.6231,66884512.43,41636926.5,0.6159,direct,
2023-11-27,0.6169,0.5945,0.6159,92244327.81,55784209.73,0.6039,direct,
2023-11-28,0.6139,0.5959,0.6039,76068375.77,46093208.73,0.6109,direct,
2023-11-29,0.617,0.6042,0.6109,86871903.11,53048318.28,0.6092,direct,
2023-11-30,0.6098,0.5988,0.6092,84964805.72,51328256.52,0.6063,direct,
2023-12-01,0.6143,0.6033,0.6063,62181290.95,37920515.39,0.6129,direct,
2023-12-02,0.6229,0.6113,0.6129,43955019.28,27082942.58,0.621,direct,
2023-12-03,0.634,0.6173,0.621,58171162.9,36257750.24,0.6233,direct,
2023-12-04,0.6432,0.5892,0.6233,129692985.34,80977494.17,0.6244,direct,
2023-12-05,0.6303,0.6081,0.6244,94421488.71,58338907.74,0.6211,direct,
2023-12-06,0.6435,0.6109,0.6211,136257768.98,85452976.06,0.6403,direct,
2023-12-07,0.6543,0.6223,0.6403,137701662.53,88040104.38,0.6434,direct,
2023-12-08,0.6755,0.6378,0.6434,129447891.18,85038382.84,0.6725,direct,
2023-12-09,0.7003,0.6533,0.6725,161102605.16,109454903.97,0.6586,direct,
2023-12-10,0.6714,0.6476,0.6586,71622830.8,47367128.8,0.6616,direct,
2023-12-11,0.6628,0.6017,0.6616,142223249.73,88641210.79,0.6187,direct,
2023-12-12,0.6259,0.6064,0.6187,85780371.44,53098704.09,0.6189,direct,
2023-12-13,0.6349,0.594,0.6189,121501342.82,74470725.57,0.6276,direct,
2023-12-14,0.6378,0.6071,0.6276,104286540.48,65377508.14,0.6318,direct,
2023-12-15,0.6441,0.6128,0.6318,94688298.94,59421169.02,0.6154,direct,
2023-12-16,0.6252,0.6103,0.6154,42706371.83,26488361.34,0.62,direct,
2023-12-17,0.6227,0.6081,0.62,46205576.66,28504408.02,0.6098,direct,
2023-12-18,0.6143,0.5805,0.6098,102224476.71,61310805.88,0.6124,direct,
2023-12-19,0.6163,0.597,0.6124,68659961.8,41723125.04,0.6045,direct,
2023-12-20,0.6265,0.6011,0.6045,103844079.2,63859287.1,0.617,direct,
2023-12-21,0.6248,0.6108,0.617,97390240.78,60052134.35,0.6241,direct,
2023-12-22,0.6307,0.6158,0.6241,82884352.04,51477615.89,0.6249,direct,
2023-12-23,0.6253,0.6113,0.6249,47784123.37,29517629.36,0.6199,direct,
2023-12-24,0.6297,0.6073,0.6199,74943942.06,46363697.27,0.6127,direct,
2023-12-25,0.6484,0.6063,0.6127,107187186.86,67844711.73,0.6463,direct,
2023-12-26,0.6468,0.601,0.6463,116383594.43,72609515.86,0.6221,direct,
2023-12-27,0.6424,0.613,0.6221,115966420.28,72980176.59,0.6347,direct,
2023-12-28,0.6574,0.6249,0.6347,167480487.57,106926068.68,0.635,direct,
2023-12-29,0.6366,0.6125,0.635,106831202.29,66901783.47,0.623,direct,
2023-12-30,0.6296,0.616,0.623,51206475.99,31906077.71,0.6208,direct,
2023-12-31,0.628,0.6082,0.6208,53857260.11,33401077.93,0.6153,direct,
2024-01-01,0.631,0.6084,0.6153,51530211.19,31921207.28,0.6298,direct,
2024-01-02,0.6401,0.622,0.6298,110546530.68,69654840.01,0.6246,direct,
2024-01-03,0.6392,0.4962,0.6246,293721732.66,170644081.94,0.5826,direct,
2024-01-04,0.5945,0.57,0.5826,137197824.0,79903590.51,0.5874,direct,
2024-01-05,0.5892,0.5547,0.5874,143719056.52,82120434.08,0.5763,direct,
2024-01-06,0.5764,0.5574,0.5763,49445214.73,28101990.35,0.5683,direct,
2024-01-07,0.5732,0.5465,0.5683,54757191.49,30841077.57,0.5518,direct,
2024-01-08,0.5821,0.5453,0.5518,171092528.93,96955976.7,0.5781,direct,
2024-01-09,0.579,0.555,0.5781,189515721.51,107754625.0,0.5669,direct,
2024-01-10,0.6137,0.5494,0.5669,221650304.94,127486286.45,0.6005,direct,
2024-01-11,0.6236,0.586,0.6005,181048124.83,109371417.13,0.6019,direct,
2024-01-12,0.6034,0.5552,0.6019,145310062.18,85289650.53,0.5698,direct,
2024-01-13,0.5774,0.5631,0.5698,40657092.78,23304468.69,0.5746,direct,
2024-01-14,0.5926,0.5716,0.5746,61606059.51,35728110.06,0.5759,direct,
2024-01-15,0.5889,0.5685,0.5759,81764596.37,47326687.4,0.5753,direct,
2024-01-16,0.5798,0.566,0.5753,74597137.1,42860436.47,0.5755,direct,
2024-01-17,0.5762,0.5608,0.5755,90698585.08,51694447.57,0.568,direct,
2024-01-18,0.5683,0.543,0.568,125180327.57,69806119.11,0.5515,direct,
2024-01-19,0.5533,0.5216,0.5515,180870274.98,97774344.94,0.5438,direct,
2024-01-20,0.5547,0.5388,0.5438,83032037.65,45424819.94,0.5532,direct,
2024-01-21,0.5549,0.5453,0.5532,34988464.11,19297306.88,0.5461,direct,
2024-01-22,0.5489,0.5171,0.5461,113225989.96,60345886.42,0.5269,direct,
2024-01-23,0.5312,0.4959,0.5269,109986750.46,56293437.0,0.5178,direct,
2024-01-24,0.5189,0.5107,0.5178,86334174.14,44447178.88,0.518,direct,
2024-01-25,0.5181,0.5037,0.518,88709663.4,45382378.96,0.5135,direct,
2024-01-26,0.5355,0.5082,0.5135,91689295.85,47708774.33,0.532,direct,
2024-01-27,0.5346,0.5262,0.532,28945667.62,15357729.06,0.5303,direct,
2024-01-28,0.5354,0.5211,0.5303,36936884.44,19548273.55,0.5241,direct,
2024-01-29,0.5397,0.5193,0.5241,82149735.32,43401088.61,0.5351,direct,
2024-01-30,0.539,0.5078,0.5351,108021708.09,56483482.57,0.5109,direct,
2024-01-31,0.515,0.4883,0.5109,142496361.26,72200835.84,0.5029,direct,
2024-02-01,0.5104,0.4897,0.5029,108957411.84,54360041.78,0.5058,direct,
2024-02-02,0.5136,0.4988,0.5058,90877343.45,45856996.24,0.5103,direct,
2024-02-03,0.5268,0.5059,0.5103,79779327.37,41368709.1,0.5187,direct,
2024-02-04,0.519,0.5013,0.5187,37526050.24,19158049.95,0.503,direct,
2024-02-05,0.5131,0.4969,0.503,95761243.66,48373757.76,0.5062,direct,
2024-02-06,0.5108,0.4982,0.5062,72618320.59,36619180.19,0.505,direct,
2024-02-07,0.5152,0.4991,0.505,89674364.02,45320254.26,0.5137,direct,
2024-02-08,0.5188,0.5102,0.5137,104263786.59,53605470.42,0.5147,direct,
2024-02-09,0.5285,0.5141,0.5147,84874848.91,44241536.39,0.5263,direct,
2024-02-10,0.5283,0.519,0.5263,38660224.42,20251390.9,0.5241,direct,
2024-02-11,0.536,0.5218,0.5241,56322871.42,29764712.18,0.5263,direct,
2024-02-12,0.538,0.5145,0.5263,79629919.92,41925511.45,0.5317,direct,
2024-02-13,0.5338,0.5148,0.5317,81240889.53,42694102.57,0.5247,direct,
2024-02-14,0.5423,0.5206,0.5247,90898655.57,48278427.14,0.5383,direct,
2024-02-15,0.5781,0.5375,0.5383,161849705.74,89613501.54,0.5627,direct,
2024-02-16,0.5793,0.5534,0.5627,123518062.71,69961717.55,0.5646,direct,
2024-02-17,0.5658,0.5398,0.5646,60687500.78,33488481.62,0.5499,direct,
2024-02-18,0.5627,0.5474,0.5499,42857827.43,23844489.82,0.5573,direct,
2024-02-19,0.5678,0.5541,0.5573,76270483.62,42760297.61,0.5628,direct,
2024-02-20,0.5749,0.5451,0.5628,133972985.17,75338588.91,0.5626,direct,
2024-02-21,0.5629,0.533,0.5626,91746334.09,50084165.86,0.5491,direct,
2024-02-22,0.5515,0.5365,0.5491,87269717.95,47543112.09,0.5408,direct,
2024-02-23,0.5433,0.526,0.5408,78064618.51,41858702.97,0.5341,direct,
2024-02-24,0.5478,0.5314,0.5341,39960944.01,21680730.49,0.5451,direct,
2024-02-25,0.5485,0.5419,0.5451,33761013.39,18390740.8,0.5425,direct,
2024-02-26,0.5529,0.5288,0.5425,87441036.63,47462285.38,0.5511,direct,
2024-02-27,0.5972,0.5481,0.5511,196007931.92,111770094.38,0.5865,direct,
2024-02-28,0.6064,0.5313,0.5865,238430126.02,137591638.82,0.5757,direct,
2024-02-29,0.6256,0.5681,0.5757,265841938.45,158440477.05,0.5868,direct,
2024-03-01,0.6035,0.5833,0.5868,126461324.03,74966882.09,0.6017,direct,
2024-03-02,0.6512,0.6001,0.6017,200873768.13,126605554.85,0.6449,direct,
2024-03-03,0.6449,0.5917,0.6449,117289311.41,73135741.52,0.6271,direct,
2024-03-04,0.6653,0.6173,0.6271,226938744.31,146539593.65,0.6486,direct,
2024-03-05,0.6696,0.5378,0.6486,362652908.12,224577922.22,0.5922,direct,
2024-03-06,0.624,0.5762,0.5922,233912270.82,140738100.28,0.6122,direct,
2024-03-07,0.6401,0.6069,0.6122,193506735.38,120600602.56,0.6282,direct,
2024-03-08,0.6345,0.6034,0.6282,159325013.58,99196180.08,0.6213,direct,
2024-03-09,0.6337,0.6177,0.6213,78532236.25,49067331.6,0.6211,direct,
2024-03-10,0.6287,0.5975,0.6211,86413094.78,53149494.83,0.6086,direct,
2024-03-11,0.7473,0.5847,0.6086,464854199.15,320734795.08,0.7228,direct,
2024-03-12,0.733,0.659,0.7228,287325484.17,199191508.48,0.6881,direct,
2024-03-13,0.7024,0.6693,0.6881,151842932.9,104550355.71,0.6895,direct,
2024-03-14,0.7073,0.6384,0.6895,216353627.11,145646699.77,0.669,direct,
2024-03-15,0.6752,0.5964,0.669,225504307.6,142361510.4,0.6342,direct,
2024-03-16,0.6473,0.5929,0.6342,108751981.91,67410907.62,0.6026,direct,
2024-03-17,0.6245,0.5868,0.6026,89132988.93,54520131.43,0.6188,direct,
2024-03-18,0.6688,0.595,0.6188,169357298.98,105520098.91,0.6454,direct,
2024-03-19,0.6484,0.5716,0.6454,236596001.26,142142536.22,0.5846,direct,
2024-03-20,0.6188,0.5688,0.5846,179321921.74,106288862.48,0.6111,direct,
2024-03-21,0.654,0.5977,0.6111,191213492.01,119818939.11,0.6404,direct,
2024-03-22,0.645,0.5992,0.6404,139687680.94,86677069.96,0.6117,direct,
2024-03-23,0.6328,0.6036,0.6117,58842411.92,36561383.32,0.6168,direct,
2024-03-24,0.6356,0.6138,0.6168,68671910.48,43159156.58,0.6325,direct,
2024-03-25,0.6622,0.6268,0.6325,158367785.63,101558214.45,0.6406,direct,
2024-03-26,0.6529,0.6257,0.6406,100648332.08,64341838.67,0.6318,direct,
2024-03-27,0.6346,0.6065,0.6318,126531088.22,78559476.9,0.6115,direct,
2024-03-28,0.6369,0.6034,0.6115,140507642.54,87344125.64,0.6246,direct,
2024-03-29,0.645,0.6089,0.6246,126787035.76,79382981.95,0.6305,direct,
2024-03-30,0.6372,0.6182,0.6305,66469250.26,41709066.02,0.6217,direct,
2024-03-31,0.63,0.6209,0.6217,41367815.36,25914446.87,0.6292,direct,
2024-04-01,0.6334,0.5949,0.6292,116015935.71,70947755.07,0.6112,direct,
2024-04-02,0.6184,0.5792,0.6112,185289744.02,109860705.2,0.5855,direct,
2024-04-03,0.5932,0.5668,0.5855,133854542.77,77706694.01,0.5744,direct,
2024-04-04,0.6159,0.5625,0.5744,179749120.3,105825389.78,0.5937,direct,
2024-04-05,0.5941,0.5693,0.5937,116663175.99,68020047.18,0.5872,direct,
2024-04-06,0.5988,0.5858,0.5872,51357280.7,30364509.54,0.5931,direct,
2024-04-07,0.6029,0.5898,0.5931,55211427.2,32911977.14,0.5945,direct,
2024-04-08,0.6263,0.5884,0.5945,140692900.69,85848261.63,0.6147,direct,
2024-04-09,0.6425,0.6016,0.6147,151505939.49,94171294.4,0.6138,direct,
2024-04-10,0.6203,0.593,0.6138,125202045.2,76286246.01,0.6173,direct,
2024-04-11,0.6214,0.6031,0.6173,105030063.16,64491481.73,0.6087,direct,
2024-04-12,0.6156,0.51,0.6087,279151533.43,156702259.42,0.5474,direct,
2024-04-13,0.5491,0.4309,0.5474,365112474.36,179581538.69,0.4797,direct,
2024-04-14,0.5075,0.4647,0.4797,257944096.0,125314237.77,0.5038,direct,
2024-04-15,0.5193,0.4817,0.5038,190617091.43,95654768.94,0.4979,direct,
2024-04-16,0.5022,0.4762,0.4979,144161097.66,70782774.44,0.4968,direct,
2024-04-17,0.5143,0.4725,0.4968,161848759.6,79753234.75,0.4952,direct,
2024-04-18,0.5062,0.4858,0.4952,113884053.43,56505719.31,0.503,direct,
2024-04-19,0.5109,0.4671,0.503,170813104.23,84241171.97,0.5033,direct,
2024-04-20,0.5303,0.4987,0.5033,102934698.43,53366081.05,0.5291,direct,
2024-04-21,0.5368,0.5183,0.5291,63368752.38,33411924.56,0.5246,direct,
2024-04-22,0.5711,0.5224,0.5246,161024173.61,87715877.03,0.5562,direct,
2024-04-23,0.5584,0.542,0.5562,112735180.52,61916730.53,0.5446,direct,
2024-04-24,0.5517,0.5216,0.5446,131278909.78,70633184.29,0.5272,direct,
2024-04-25,0.5325,0.5139,0.5272,102126073.53,53535355.98,0.5253,direct,
2024-04-26,0.5356,0.5148,0.5253,91594609.85,48059500.83,0.5258,direct,
2024-04-27,0.5263,0.5081,0.5258,55009786.55,28434314.97,0.5178,direct,
2024-04-28,0.5249,0.5086,0.5178,34680165.52,17992483.18,0.5103,direct,
2024-04-29,0.5173,0.499,0.5103,93433742.49,47562352.63,0.5149,direct,
2024-04-30,0.5193,0.488,0.5149,126762184.32,63585433.54,0.5001,direct,
2024-05-01,0.5206,0.4788,0.5001,132012562.53,66019545.26,0.5169,direct,
2024-05-02,0.5244,0.5064,0.5169,109576111.33,56544956.34,0.5181,direct,
2024-05-03,0.5367,0.5147,0.5181,104040058.04,54489446.05,0.5319,direct,
2024-05-04,0.5409,0.5276,0.5319,44634676.97,23797997.64,0.5303,direct,
2024-05-05,0.5333,0.5243,0.5303,31220909.69,16519255.09,0.5297,direct,
2024-05-06,0.5695,0.525,0.5297,169468596.34,92580029.01,0.5402,direct,
2024-05-07,0.5441,0.5219,0.5402,84367261.93,45294804.48,0.5246,direct,
2024-05-08,0.5291,0.5152,0.5246,86858815.77,45387986.99,0.5169,direct,
2024-05-09,0.5234,0.5088,0.5169,75990902.67,39283618.9,0.5208,direct,
2024-05-10,0.5209,0.4981,0.5208,86847890.01,44280402.16,0.5022,direct,
2024-05-11,0.5074,0.5005,0.5022,30872525.95,15575248.07,0.5059,direct,
2024-05-12,0.5086,0.4963,0.5059,26548594.34,13366703.36,0.4992,direct,
2024-05-13,0.5119,0.4871,0.4992,87492501.48,43874606.62,0.5051,direct,
2024-05-14,0.5127,0.4972,0.5051,71932484.96,36296626.79,0.4999,direct,
2024-05-15,0.5199,0.4968,0.4999,86979776.81,44094279.47,0.5192,direct,
2024-05-16,0.5223,0.5128,0.5192,95803474.81,49587818.86,0.5158,direct,
2024-05-17,0.5289,0.5137,0.5158,74277985.37,38668122.39,0.5236,direct,
2024-05-18,0.5257,0.519,0.5236,27122975.82,14170574.74,0.5213,direct,
2024-05-19,0.5236,0.5068,0.5213,37812814.46,19478545.46,0.5096,direct,
2024-05-20,0.5379,0.5067,0.5096,110076351.73,57533476.61,0.5377,direct,
2024-05-21,0.557,0.5319,0.5377,153690584.34,83185068.85,0.537,direct,
2024-05-22,0.5379,0.5223,0.537,85944425.64,45703389.72,0.5266,direct,
2024-05-23,0.5475,0.5041,0.5266,156889465.81,82343592.84,0.5286,direct,
2024-05-24,0.5371,0.5169,0.5286,75057521.49,39754667.46,0.5358,direct,
2024-05-25,0.5425,0.5331,0.5358,41031262.95,22062406.82,0.5416,direct,
2024-05-26,0.5418,0.5256,0.5416,32793846.93,17526708.69,0.528,direct,
2024-05-27,0.5404,0.5232,0.528,59131410.45,31475417.41,0.5336,direct,
2024-05-28,0.5348,0.521,0.5336,60816265.49,32091626.78,0.5283,direct,
2024-05-29,0.5325,0.5196,0.5283,55318750.08,29150146.21,0.5231,direct,
2024-05-30,0.5276,0.5127,0.5231,67320606.41,35073995.81,0.5186,direct,
2024-05-31,0.5254,0.5117,0.5186,64453958.48,33436610.71,0.5171,direct,
2024-06-01,0.5214,0.517,0.5171,21224120.66,11018505.48,0.5184,direct,
2024-06-02,0.5205,0.5079,0.5184,31814940.36,16381557.09,0.5134,direct,
2024-06-03,0.5228,0.5117,0.5134,59824456.9,31092849.36,0.5199,direct,
2024-06-04,0.5303,0.5183,0.5199,66786827.22,35024877.3,0.5258,direct,
2024-06-05,0.5326,0.5241,0.5258,65693174.35,34628851.9,0.5259,direct,
2024-06-06,0.5278,0.5164,0.5259,56289680.27,29502966.33,0.5214,direct,
2024-06-07,0.5276,0.4565,0.5214,155578311.81,77620863.45,0.4989,direct,
2024-06-08,0.5005,0.4899,0.4989,47622051.35,23573913.71,0.4927,direct,
2024-06-09,0.4993,0.491,0.4927,26932905.0,13336591.69,0.4987,direct,
2024-06-10,0.5057,0.4934,0.4987,62345129.01,31086613.89,0.4967,direct,
2024-06-11,0.4968,0.4714,0.4967,123249480.09,59580079.29,0.4803,direct,
2024-06-12,0.4976,0.4743,0.4803,95818491.95,46748803.78,0.4916,direct,
2024-06-13,0.4916,0.4755,0.4916,73304319.11,35507611.44,0.4767,direct,
2024-06-14,0.481,0.4607,0.4767,96687797.25,45741072.62,0.4744,direct,
2024-06-15,0.5048,0.4738,0.4744,61558910.07,29949482.97,0.4905,direct,
2024-06-16,0.4992,0.4876,0.4905,44884483.23,22048991.37,0.4889,direct,
2024-06-17,0.5206,0.4837,0.4889,177412101.63,89555948.39,0.5048,direct,
2024-06-18,0.5293,0.4713,0.5048,188755523.58,92746647.12,0.4908,direct,
2024-06-19,0.4994,0.4868,0.4908,94779687.8,46748036.37,0.4932,direct,
2024-06-20,0.502,0.4882,0.4932,90079137.41,44603733.36,0.4885,direct,
2024-06-21,0.4954,0.4794,0.4885,90963285.34,44391302.8,0.4888,direct,
2024-06-22,0.4894,0.4818,0.4888,32529793.3,15825485.79,0.4865,direct,
2024-06-23,0.489,0.4752,0.4865,33689367.84,16280735.98,0.4795,direct,
2024-06-24,0.482,0.4622,0.4795,114204437.34,54098679.89,0.4738,direct,
2024-06-25,0.4797,0.4729,0.4738,70464820.3,33551401.1,0.4758,direct,
2024-06-26,0.4781,0.4655,0.4758,68684822.14,32444053.56,0.4695,direct,
2024-06-27,0.4767,0.4654,0.4695,61617064.29,29033915.39,0.4747,direct,
2024-06-28,0.4804,0.469,0.4747,74630224.12,35498932.22,0.4708,direct,
2024-06-29,0.4761,0.4708,0.4708,22935918.41,10865377.59,0.4719,direct,
2024-06-30,0.4776,0.4695,0.4719,30046742.75,14211025.01,0.4753,direct,
2024-07-01,0.4843,0.4748,0.4753,64111273.09,30695337.55,0.4767,direct,
2024-07-02,0.488,0.4755,0.4767,66435379.39,32056141.22,0.4846,direct,
2024-07-03,0.4861,0.4609,0.4846,101103520.74,48021790.56,0.4668,direct,
2024-07-04,0.4693,0.4314,0.4668,146697596.77,65783019.67,0.4328,direct,
2024-07-05,0.4333,0.3838,0.4328,231660504.82,95330683.77,0.4252,direct,
2024-07-06,0.4497,0.4236,0.4252,66131758.23,28874554.98,0.449,direct,
2024-07-07,0.4491,0.4183,0.449,62640736.65,27101641.18,0.4195,direct,
2024-07-08,0.4433,0.4035,0.4195,152169279.86,64799179.26,0.4316,direct,
2024-07-09,0.4379,0.4271,0.4316,88017503.75,38179101.42,0.4357,direct,
2024-07-10,0.4425,0.4313,0.4357,86955079.99,37980400.42,0.4388,direct,
2024-07-11,0.4534,0.4365,0.4388,96733829.35,43166573.52,0.4491,direct,
2024-07-12,0.4778,0.4446,0.4491,166150910.87,77161456.85,0.4746,direct,
2024-07-13,0.566,0.474,0.4746,322689126.16,168240945.45,0.5259,direct,
2024-07-14,0.5402,0.514,0.5259,141876059.14,74721301.84,0.5205,direct,
2024-07-15,0.5403,0.5204,0.5205,166362814.24,88384859.35,0.5375,direct,
2024-07-16,0.5945,0.5327,0.5375,275334532.94,156061797.1,0.5795,direct,
2024-07-17,0.6375,0.5787,0.5795,315983534.83,193073212.33,0.6261,direct,
2024-07-18,0.6367,0.5577,0.6261,262767645.8,154140699.63,0.5696,direct,
2024-07-19,0.5868,0.5404,0.5696,212015472.78,119139380.55,0.5736,direct,
2024-07-20,0.6048,0.5708,0.5736,116282561.17,68591836.12,0.594,direct,
2024-07-21,0.608,0.5733,0.594,101737808.54,60138185.64,0.5986,direct,
2024-07-22,0.6231,0.5858,0.5986,155733748.5,94636475.44,0.6083,direct,
2024-07-23,0.6172,0.5808,0.6083,127108626.28,76142733.2,0.5978,direct,
2024-07-24,0.6328,0.5918,0.5978,150239006.84,92822113.06,0.6183,direct,
2024-07-25,0.6255,0.5842,0.6183,181470962.87,110136063.02,0.5995,direct,
2024-07-26,0.6091,0.5861,0.5995,116308303.26,69689603.95,0.6035,direct,
2024-07-27,0.6093,0.584,0.6035,69209258.08,41421431.59,0.5959,direct,
2024-07-28,0.6143,0.5914,0.5959,52702449.78,31761213.23,0.6016,direct,
2024-07-29,0.6121,0.592,0.6016,78141456.49,47226801.56,0.6019,direct,
2024-07-30,0.6371,0.5956,0.6019,168338009.55,104677779.7,0.6276,direct,
2024-07-31,0.6585,0.6218,0.6276,213750425.61,137588010.86,0.6229,direct,
2024-08-01,0.6302,0.5679,0.6229,179304435.62,107104100.15,0.596,direct,
2024-08-02,0.5963,0.5461,0.596,152664518.01,86734519.13,0.5601,direct,
2024-08-03,0.5771,0.5404,0.5601,97835703.37,54663151.77,0.5557,direct,
2024-08-04,0.5588,0.5138,0.5557,96833253.09,51746934.57,0.5228,direct,
2024-08-05,0.5254,0.4322,0.5228,396334280.79,187275852.19,0.4891,direct,
2024-08-06,0.5191,0.4881,0.4891,164885876.04,84004892.95,0.5063,direct,
2024-08-07,0.6444,0.4925,0.5063,453456989.18,261035770.62,0.6004,direct,
2024-08-08,0.6425,0.5787,0.6004,323462873.63,197725608.9,0.6169,direct,
2024-08-09,0.6247,0.5678,0.6169,192937109.38,113982177.03,0.5809,direct,
2024-08-10,0.602,0.5785,0.5809,78461526.68,46397797.22,0.5843,direct,
2024-08-11,0.5936,0.5456,0.5843,99018126.08,56452892.4,0.553,direct,
2024-08-12,0.5794,0.5502,0.553,132589610.78,75369333.98,0.5685,direct,
2024-08-13,0.5835,0.5629,0.5685,115969968.39,66582727.77,0.5771,direct,
2024-08-14,0.5825,0.5646,0.5771,112758828.25,64756733.16,0.5689,direct,
2024-08-15,0.5753,0.5511,0.5689,116680910.72,65830115.15,0.5609,direct,
2024-08-16,0.5709,0.5537,0.5609,88311483.04,49770000.64,0.5641,direct,
2024-08-17,0.571,0.5614,0.5641,41124211.12,23277067.52,0.5667,direct,
2024-08-18,0.5841,0.5629,0.5667,53013803.77,30279765.06,0.5631,direct,
2024-08-19,0.6089,0.5611,0.5631,151664003.59,89116328.29,0.5987,direct,
2024-08-20,0.6151,0.588,0.5987,136946445.21,82489422.71,0.5939,direct,
2024-08-21,0.6056,0.5857,0.5939,103502450.91,61823647.55,0.6003,direct,
2024-08-22,0.6043,0.5926,0.6003,69119018.62,41388151.74,0.5978,direct,
2024-08-23,0.616,0.5912,0.5978,112011451.59,67547258.98,0.6114,direct,
2024-08-24,0.631,0.605,0.6114,94143724.39,58105405.84,0.6131,direct,
2024-08-25,0.6141,0.5959,0.6131,61650312.0,37211824.12,0.6003,direct,
2024-08-26,0.6023,0.5794,0.6003,91875681.93,54312167.32,0.5875,direct,
2024-08-27,0.6003,0.5532,0.5875,120908074.69,70670199.01,0.567,direct,
2024-08-28,0.5844,0.5561,0.567,115528856.23,65953261.91,0.5695,direct,
2024-08-29,0.5769,0.5577,0.5695,80199226.87,45702010.66,0.5622,direct,
2024-08-30,0.5676,0.5464,0.5622,89686363.55,50186117.8,0.5667,direct,
2024-08-31,0.5722,0.5626,0.5667,33602784.98,19046711.47,0.5663,direct,
2024-09-01,0.5667,0.5437,0.5663,51368566.83,28544746.42,0.5474,direct,
2024-09-02,0.5686,0.5445,0.5474,55356567.08,30781209.47,0.5677,direct,
2024-09-03,0.573,0.5563,0.5677,58961507.89,33311109.27,0.5572,direct,
2024-09-04,0.5651,0.5332,0.5572,86687354.45,47930240.86,0.5581,direct,
2024-09-05,0.5597,0.54,0.5581,61351609.31,33692998.76,0.5443,direct,
2024-09-06,0.5471,0.503,0.5443,130722020.48,68912190.74,0.5211,direct,
2024-09-07,0.5328,0.5196,0.5211,46833157.46,24673135.01,0.5249,direct,
2024-09-08,0.5314,0.5208,0.5249,36544383.42,19256218.68,0.5295,direct,
2024-09-09,0.543,0.5269,0.5295,66617112.36,35533909.68,0.5396,direct,
2024-09-10,0.5428,0.5338,0.5396,53454403.28,28760322.1,0.5408,direct,
2024-09-11,0.5413,0.5232,0.5408,58658224.93,31287618.8,0.5349,direct,
2024-09-12,0.5881,0.5336,0.5349,148582217.21,83238651.72,0.5627,direct,
2024-09-13,0.5748,0.5558,0.5627,106478734.28,60413594.78,0.5731,direct,
2024-09-14,0.5994,0.5697,0.5731,121068615.33,71040434.5,0.5959,direct,
2024-09-15,0.5961,0.5689,0.5959,69142754.01,40387528.25,0.5707,direct,
2024-09-16,0.5913,0.5597,0.5707,100639488.38,57801902.01,0.5866,direct,
2024-09-17,0.5934,0.579,0.5866,83347003.32,48915838.06,0.584,direct,
2024-09-18,0.5859,0.5622,0.584,96641430.13,55566009.02,0.5853,direct,
2024-09-19,0.5947,0.5814,0.5853,112322195.53,66006711.21,0.5871,direct,
2024-09-20,0.5928,0.5764,0.5871,102242009.98,59752748.72,0.5852,direct,
2024-09-21,0.6126,0.5801,0.5852,78200518.97,46591628.04,0.5978,direct,
2024-09-22,0.6051,0.5785,0.5978,73263290.69,43390008.7,0.5873,direct,
2024-09-23,0.5959,0.579,0.5873,87541550.27,51453368.51,0.5849,direct,
2024-09-24,0.5929,0.5814,0.5849,93595920.58,54968867.37,0.5913,direct,
2024-09-25,0.5956,0.5821,0.5913,78765517.82,46348467.77,0.5828,direct,
2024-09-26,0.5964,0.574,0.5828,111315047.63,65443813.02,0.5907,direct,
2024-09-27,0.5972,0.5828,0.5907,109051953.5,64228133.85,0.5888,direct,
2024-09-28,0.626,0.5858,0.5888,187996815.52,115131373.05,0.6141,direct,
2024-09-29,0.6648,0.6079,0.6141,219815531.66,140734068.13,0.6414,direct,
2024-09-30,0.6545,0.6089,0.6414,182344194.07,115384714.53,0.6113,direct,
2024-10-01,0.6341,0.5781,0.6113,248263142.76,151305226.7,0.5968,direct,
2024-10-02,0.6066,0.5268,0.5968,319718764.01,180781679.1,0.5382,direct,
2024-10-03,0.5446,0.5071,0.5382,296296709.78,155616974.02,0.522,direct,
2024-10-04,0.5392,0.515,0.522,167694455.41,88228747.24,0.5341,direct,
2024-10-05,0.5353,0.5263,0.5341,61075412.37,32436660.68,0.5295,direct,
2024-10-06,0.5371,0.528,0.5295,49829588.61,26526429.4,0.5337,direct,
2024-10-07,0.5457,0.5285,0.5337,112225312.63,60463793.11,0.5286,direct,
2024-10-08,0.5354,0.521,0.5286,82057112.02,43442018.31,0.5309,direct,
2024-10-09,0.5344,0.5208,0.5309,76131043.5,40305011.29,0.524,direct,
2024-10-10,0.5442,0.5223,0.524,113240919.74,60156516.35,0.5301,direct,
2024-10-11,0.5418,0.5293,0.5301,86920214.89,46689086.5,0.5386,direct,
2024-10-12,0.5431,0.5353,0.5386,46644749.87,25147657.07,0.5393,direct,
2024-10-13,0.5395,0.5251,0.5393,57507495.39,30565840.41,0.5317,direct,
2024-10-14,0.5521,0.5281,0.5317,96721682.6,52400698.0,0.5482,direct,
2024-10-15,0.5554,0.5316,0.5482,113188872.45,61538057.89,0.5417,direct,
2024-10-16,0.5538,0.5374,0.5417,89868330.97,49087125.94,0.5482,direct,
2024-10-17,0.5665,0.5418,0.5482,124359140.85,68764076.92,0.544,direct,
2024-10-18,0.5528,0.5394,0.544,79040940.08,43157931.33,0.5467,direct,
2024-10-19,0.5498,0.5408,0.5467,41512005.21,22628183.85,0.5441,direct,
2024-10-20,0.5486,0.5368,0.5441,46925446.62,25468585.58,0.5481,direct,
2024-10-21,0.5603,0.5409,0.5481,99865477.22,54854969.16,0.5447,direct,
2024-10-22,0.5492,0.5288,0.5447,89196880.61,47869612.56,0.5336,direct,
2024-10-23,0.5337,0.5113,0.5336,93842039.51,49146449.15,0.5254,direct,
2024-10-24,0.5335,0.5237,0.5254,63369462.08,33533274.62,0.5319,direct,
2024-10-25,0.5319,0.4866,0.5319,120144453.16,61633077.65,0.5013,direct,
2024-10-26,0.5146,0.4981,0.5013,60335611.52,30726705.94,0.5129,direct,
2024-10-27,0.5174,0.5103,0.5129,44220564.98,22737702.03,0.5163,direct,
2024-10-28,0.5211,0.511,0.5163,74938082.58,38717814.54,0.5192,direct,
2024-10-29,0.5307,0.5182,0.5192,103905290.07,54559006.02,0.5284,direct,
2024-10-30,0.5284,0.5192,0.5284,70621954.46,36966633.67,0.5228,direct,
2024-10-31,0.5235,0.5029,0.5228,85319243.3,43810591.45,0.5089,direct,
2024-11-01,0.5238,0.5021,0.5089,107851122.04,55602894.8,0.5128,direct,
2024-11-02,0.5158,0.5062,0.5128,40642046.31,20766273.02,0.5103,direct,
2024-11-03,0.511,0.4918,0.5103,83308308.8,41654123.93,0.5028,direct,
2024-11-04,0.5142,0.4957,0.5028,93350793.53,47271052.5,0.5032,direct,
2024-11-05,0.5185,0.5017,0.5032,91764633.18,46820219.31,0.5141,direct,
2024-11-06,0.5473,0.5138,0.5141,206172308.88,110071771.42,0.5425,direct,
2024-11-07,0.5791,0.5383,0.5425,174637768.96,96931875.21,0.556,direct,
2024-11-08,0.5604,0.5419,0.556,126281539.89,69618643.73,0.5541,direct,
2024-11-09,0.5621,0.544,0.5541,116501081.96,64258216.18,0.5596,direct,
2024-11-10,0.6187,0.5558,0.5596,409963638.78,242864614.22,0.5889,direct,
2024-11-11,0.6341,0.5708,0.5889,390730469.64,234248327.98,0.6217,direct,
2024-11-12,0.7414,0.5979,0.6217,1046442445.27,699757555.46,0.7051,direct,
2024-11-13,0.7487,0.6417,0.7051,761589957.93,527927962.98,0.6909,direct,
2024-11-14,0.8547,0.6833,0.6909,924365552.49,697386131.53,0.7737,direct,
2024-11-15,0.9276,0.7708,0.7737,1017086374.29,868232886.09,0.8928,direct,
2024-11-16,1.27,0.8784,0.8928,1364539699.45,1471784561.41,1.121,direct,
2024-11-17,1.161,1.003,1.121,738885356.5,790195513.06,1.054,direct,
2024-11-18,1.186,1.054,1.054,717125447.5,810684686.21,1.115,direct,
2024-11-19,1.148,1.07,1.115,398435416.68,439930291.16,1.102,direct,
2024-11-20,1.151,1.058,1.102,426787818.25,471443631.5,1.105,direct,
2024-11-21,1.264,1.08,1.105,695263534.44,804204058.58,1.248,direct,
2024-11-22,1.502,1.247,1.248,1198279717.16,1679264063.32,1.474,direct,
2024-11-23,1.634,1.423,1.474,834163134.68,1278152718.24,1.47,direct,
2024-11-24,1.514,1.278,1.47,704431537.4,985347623.9,1.434,direct,
2024-11-25,1.54,1.357,1.434,692608073.75,1004023777.35,1.414,direct,
2024-11-26,1.459,1.284,1.414,584500721.11,805828223.16,1.398,direct,
2024-11-27,1.524,1.352,1.398,461266222.39,665554215.0,1.471,direct,
2024-11-28,1.547,1.431,1.471,335566540.9,495364955.6,1.543,direct,
2024-11-29,1.816,1.524,1.543,753932416.21,1260420577.77,1.802,direct,
2024-11-30,1.959,1.765,1.802,746767336.47,1399344545.01,1.953,direct,
2024-12-01,2.351,1.85,1.953,836584956.79,1710615065.74,2.296,direct,
2024-12-02,2.874,2.21,2.296,1818008628.86,4604056718.96,2.728,direct,
2024-12-03,2.902,2.241,2.728,1249379710.27,3237472483.49,2.512,direct,
2024-12-04,2.681,2.286,2.512,822516801.89,2037360297.43,2.362,direct,
2024-12-05,2.497,2.17,2.362,876755504.09,2040826052.42,2.247,direct,
2024-12-06,2.469,2.228,2.247,469200603.46,1100905837.64,2.43,direct,
2024-12-07,2.622,2.388,2.43,452367831.54,1126609907.56,2.612,direct,
2024-12-08,2.648,2.487,2.612,371079227.76,955052014.93,2.604,direct,
2024-12-09,2.609,2.0,2.604,745149760.0,1749419771.45,2.214,direct,
2024-12-10,2.424,1.9,2.214,1232210511.0,2657640774.0,2.373,direct,
2024-12-11,2.473,2.232,2.373,573142344.08,1355458915.06,2.396,direct,
2024-12-12,2.485,2.31,2.396,405600405.57,975868948.89,2.339,direct,
2024-12-13,2.478,2.285,2.339,325482704.55,777996206.67,2.423,direct,
2024-12-14,2.531,2.355,2.423,254313475.31,618462641.72,2.4,direct,
2024-12-15,2.472,2.368,2.4,226271944.9,546211604.58,2.446,direct,
2024-12-16,2.587,2.336,2.446,448881483.26,1101974406.57,2.485,direct,
2024-12-17,2.726,2.441,2.485,483789899.47,1257776030.09,2.567,direct,
2024-12-18,2.591,2.25,2.567,485464072.58,1189042488.38,2.309,direct,
2024-12-19,2.43,2.157,2.309,505777577.71,1153916989.29,2.237,direct,
2024-12-20,2.353,1.958,2.237,584322949.09,1271496581.24,2.279,direct,
2024-12-21,2.384,2.191,2.279,227226457.78,517002080.31,2.236,direct,
2024-12-22,2.292,2.158,2.236,190859157.06,424009618.1,2.201,direct,
2024-12-23,2.276,2.13,2.201,262596659.02,575882043.01,2.259,direct,
2024-12-24,2.349,2.211,2.259,171257148.04,391779339.09,2.322,direct,
2024-12-25,2.33,2.26,2.322,99043690.94,227122138.31,2.296,direct,
2024-12-26,2.314,2.127,2.296,175159649.87,383093858.79,2.154,direct,
2024-12-27,2.235,2.112,2.154,179310664.5,388263399.08,2.143,direct,
2024-12-28,2.203,2.132,2.143,93323268.6,202562433.74,2.181,direct,
2024-12-29,2.194,2.069,2.181,110738759.84,236397727.32,2.091,direct,
2024-12-30,2.148,1.993,2.091,269175481.13,555885271.49,2.055,direct,
2024-12-31,2.146,2.01,2.055,181434753.9,376858119.76,2.08,direct,
